"Energiebalans; aanbod, omzetting en verbruik"
"";"";"";"";"Perioden";"1995";"1995";"1995";"1995";"1995";"1995";"1995";"1996";"1996";"1996";"1996";"1996";"1996";"1996";"1997";"1997";"1997";"1997";"1997";"1997";"1997";"1998";"1998";"1998";"1998";"1998";"1998";"1998";"1999";"1999";"1999";"1999";"1999";"1999";"1999";"2000";"2000";"2000";"2000";"2000";"2000";"2000";"2001";"2001";"2001";"2001";"2001";"2001";"2001";"2002";"2002";"2002";"2002";"2002";"2002";"2002";"2003";"2003";"2003";"2003";"2003";"2003";"2003";"2004";"2004";"2004";"2004";"2004";"2004";"2004";"2005";"2005";"2005";"2005";"2005";"2005";"2005";"2006";"2006";"2006";"2006";"2006";"2006";"2006";"2007";"2007";"2007";"2007";"2007";"2007";"2007";"2008";"2008";"2008";"2008";"2008";"2008";"2008";"2009";"2009";"2009";"2009";"2009";"2009";"2009";"2010";"2010";"2010";"2010";"2010";"2010";"2010";"2011";"2011";"2011";"2011";"2011";"2011";"2011";"2012";"2012";"2012";"2012";"2012";"2012";"2012";"2013";"2013";"2013";"2013";"2013";"2013";"2013";"2014**";"2014**";"2014**";"2014**";"2014**";"2014**";"2014**"
"Onderwerpen_1";"Onderwerpen_2";"Onderwerpen_3";"Onderwerpen_4";"Energiedragers";"Totaal energiedragers";"Totaal kool en koolproducten";"Totaal aardoliegrondstoffen en producten";"Aardgas";"Hernieuwbare energie";"Elektriciteit";"Warmte";"Totaal energiedragers";"Totaal kool en koolproducten";"Totaal aardoliegrondstoffen en producten";"Aardgas";"Hernieuwbare energie";"Elektriciteit";"Warmte";"Totaal energiedragers";"Totaal kool en koolproducten";"Totaal aardoliegrondstoffen en producten";"Aardgas";"Hernieuwbare energie";"Elektriciteit";"Warmte";"Totaal energiedragers";"Totaal kool en koolproducten";"Totaal aardoliegrondstoffen en producten";"Aardgas";"Hernieuwbare energie";"Elektriciteit";"Warmte";"Totaal energiedragers";"Totaal kool en koolproducten";"Totaal aardoliegrondstoffen en producten";"Aardgas";"Hernieuwbare energie";"Elektriciteit";"Warmte";"Totaal energiedragers";"Totaal kool en koolproducten";"Totaal aardoliegrondstoffen en producten";"Aardgas";"Hernieuwbare energie";"Elektriciteit";"Warmte";"Totaal energiedragers";"Totaal kool en koolproducten";"Totaal aardoliegrondstoffen en producten";"Aardgas";"Hernieuwbare energie";"Elektriciteit";"Warmte";"Totaal energiedragers";"Totaal kool en koolproducten";"Totaal aardoliegrondstoffen en producten";"Aardgas";"Hernieuwbare energie";"Elektriciteit";"Warmte";"Totaal energiedragers";"Totaal kool en koolproducten";"Totaal aardoliegrondstoffen en producten";"Aardgas";"Hernieuwbare energie";"Elektriciteit";"Warmte";"Totaal energiedragers";"Totaal kool en koolproducten";"Totaal aardoliegrondstoffen en producten";"Aardgas";"Hernieuwbare energie";"Elektriciteit";"Warmte";"Totaal energiedragers";"Totaal kool en koolproducten";"Totaal aardoliegrondstoffen en producten";"Aardgas";"Hernieuwbare energie";"Elektriciteit";"Warmte";"Totaal energiedragers";"Totaal kool en koolproducten";"Totaal aardoliegrondstoffen en producten";"Aardgas";"Hernieuwbare energie";"Elektriciteit";"Warmte";"Totaal energiedragers";"Totaal kool en koolproducten";"Totaal aardoliegrondstoffen en producten";"Aardgas";"Hernieuwbare energie";"Elektriciteit";"Warmte";"Totaal energiedragers";"Totaal kool en koolproducten";"Totaal aardoliegrondstoffen en producten";"Aardgas";"Hernieuwbare energie";"Elektriciteit";"Warmte";"Totaal energiedragers";"Totaal kool en koolproducten";"Totaal aardoliegrondstoffen en producten";"Aardgas";"Hernieuwbare energie";"Elektriciteit";"Warmte";"Totaal energiedragers";"Totaal kool en koolproducten";"Totaal aardoliegrondstoffen en producten";"Aardgas";"Hernieuwbare energie";"Elektriciteit";"Warmte";"Totaal energiedragers";"Totaal kool en koolproducten";"Totaal aardoliegrondstoffen en producten";"Aardgas";"Hernieuwbare energie";"Elektriciteit";"Warmte";"Totaal energiedragers";"Totaal kool en koolproducten";"Totaal aardoliegrondstoffen en producten";"Aardgas";"Hernieuwbare energie";"Elektriciteit";"Warmte";"Totaal energiedragers";"Totaal kool en koolproducten";"Totaal aardoliegrondstoffen en producten";"Aardgas";"Hernieuwbare energie";"Elektriciteit";"Warmte";"Totaal energiedragers";"Totaal kool en koolproducten";"Totaal aardoliegrondstoffen en producten";"Aardgas";"Hernieuwbare energie";"Elektriciteit";"Warmte"
"Energieaanbod";"Totaal aanbod (TPES)";"Totaal aanbod (TPES)";"Totaal aanbod (TPES)";"PJ";"3097.2";"373.0";"1138.0";"1444.2";"34.9";"41.0";"-";"3269.5";"359.6";"1169.0";"1591.0";"40.5";"38.1";"-";"3163.5";"350.3";"1171.1";"1496.8";"43.7";"45.5";"-";"3184.0";"356.7";"1180.1";"1487.5";"46.0";"42.5";"-";"3126.0";"312.7";"1179.5";"1447.8";"47.5";"66.4";"-";"3159.1";"325.3";"1176.5";"1465.0";"52.3";"68.1";"-";"3255.2";"346.1";"1217.3";"1501.8";"55.0";"62.2";"-";"3294.0";"348.0";"1253.6";"1498.5";"60.7";"59.0";"-";"3405.4";"359.5";"1341.9";"1506.8";"58.7";"61.2";"-";"3460.7";"355.1";"1362.0";"1538.3";"69.6";"58.4";"-";"3407.2";"338.6";"1355.5";"1478.8";"87.8";"65.9";"-";"3361.1";"323.4";"1359.5";"1434.2";"93.3";"77.3";"-";"3382.8";"352.3";"1397.5";"1392.7";"96.9";"63.4";"-";"3350.4";"333.3";"1311.1";"1450.8";"117.8";"57.1";"-";"3283.8";"313.0";"1278.6";"1464.3";"130.3";"17.6";"-";"3489.6";"316.0";"1320.1";"1641.3";"126.8";"10.0";"-";"3240.2";"311.7";"1253.2";"1432.0";"131.7";"32.7";"-";"3258.7";"342.5";"1265.4";"1371.2";"139.4";"61.6";"-";"3219.1";"342.7";"1209.5";"1394.9";"137.1";"65.7";"-";"3044.8";"379.1";"1187.5";"1207.2";"136.4";"53.0";"-"
"Verbruikssaldo";"Verbruikssaldo";"Verbruikssaldo";"Verbruikssaldo";"PJ";"3105.7";"373.7";"1124.4";"1468.9";"34.9";"37.8";"0.0";"3290.5";"361.7";"1153.0";"1627.9";"40.4";"36.3";"0.0";"3177.4";"352.3";"1155.6";"1525.3";"43.8";"44.3";"0.0";"3188.4";"358.6";"1166.3";"1506.2";"46.1";"40.1";"0.0";"3139.5";"312.7";"1171.2";"1471.6";"47.5";"64.3";"0.0";"3156.9";"325.3";"1166.9";"1475.7";"52.3";"64.8";"0.0";"3242.1";"346.2";"1203.9";"1505.5";"55.0";"58.8";"0.0";"3270.6";"348.0";"1241.5";"1490.3";"60.7";"55.9";"0.0";"3384.4";"359.3";"1329.5";"1500.6";"58.7";"58.9";"0.0";"3442.6";"354.6";"1351.2";"1536.4";"69.6";"53.3";"0.0";"3408.2";"338.6";"1342.1";"1492.4";"87.7";"66.7";"0.0";"3342.8";"323.9";"1346.0";"1431.8";"93.2";"74.5";"0.0";"3368.4";"351.9";"1387.8";"1391.0";"97.1";"60.7";"-";"3337.5";"333.5";"1301.7";"1449.4";"117.9";"54.9";"0.0";"3277.7";"312.4";"1272.5";"1463.5";"130.3";"19.0";"0.0";"3484.5";"315.5";"1312.3";"1643.2";"126.8";"11.2";"0.0";"3235.1";"311.4";"1247.4";"1434.1";"131.8";"31.5";"0.0";"3227.8";"341.1";"1257.8";"1358.0";"139.5";"52.9";"0.0";"3206.0";"342.7";"1218.7";"1374.8";"137.1";"63.4";"0.0";"3038.9";"378.7";"1195.5";"1198.5";"136.4";"48.2";"0.0"
"Eigen verbruik energiesector";"Totaal";"Totaal";"Totaal";"PJ";"171.1";"-";"112.8";"29.5";"0.0";"11.1";"17.7";"174.3";"-";"108.6";"35.6";"-";"12.0";"18.2";"166.8";"-";"98.5";"40.9";"0.0";"11.5";"16.0";"168.0";"-";"91.0";"45.1";"0.0";"12.4";"19.5";"156.0";"-";"80.4";"44.7";"0.0";"12.0";"18.8";"153.9";"-";"84.4";"36.0";"0.0";"11.9";"21.6";"153.5";"-";"84.5";"34.0";"0.0";"12.5";"22.5";"149.8";"0.0";"76.2";"39.8";"0.0";"12.1";"21.6";"151.1";"-";"79.8";"37.6";"0.0";"12.5";"21.2";"157.5";"-";"86.6";"38.1";"0.0";"12.7";"20.2";"162.8";"0.0";"90.1";"38.5";"-";"13.8";"20.4";"153.2";"0.0";"85.4";"38.2";"-";"13.4";"16.2";"166.6";"-";"93.6";"37.9";"-";"13.8";"21.2";"156.8";"-";"87.1";"36.0";"-";"14.3";"19.4";"155.1";"-";"77.6";"41.2";"-";"13.7";"22.7";"160.4";"-";"72.1";"48.6";"-";"15.5";"24.2";"172.5";"-";"78.1";"53.8";"-";"17.5";"23.1";"165.2";"-";"81.5";"46.3";"-";"16.2";"21.3";"165.5";"-";"76.2";"50.7";"0.0";"19.5";"19.1";"160.7";"-";"80.8";"42.5";"-";"19.8";"17.5"
"Verliezen bij distributie";"Verliezen bij distributie";"Verliezen bij distributie";"Verliezen bij distributie";"PJ";"20.6";"-";"-";"1.0";"-";"14.9";"4.7";"22.0";"-";"-";"1.0";"-";"15.4";"5.6";"21.3";"-";"-";"1.0";"-";"16.0";"4.2";"22.8";"-";"-";"1.2";"-";"16.7";"4.9";"22.9";"-";"-";"1.4";"-";"17.2";"4.4";"23.6";"-";"-";"1.4";"-";"17.7";"4.5";"24.4";"-";"-";"1.5";"-";"18.2";"4.7";"24.9";"-";"-";"1.6";"-";"18.4";"4.9";"25.4";"-";"-";"1.6";"-";"18.6";"5.1";"26.3";"-";"-";"1.7";"-";"19.3";"5.3";"26.2";"-";"-";"1.7";"-";"19.5";"5.1";"26.4";"-";"-";"1.7";"-";"19.6";"5.1";"25.1";"-";"-";"1.5";"-";"19.9";"3.7";"25.4";"-";"-";"2.0";"-";"19.6";"3.9";"24.6";"-";"-";"1.8";"-";"18.9";"3.9";"26.2";"-";"-";"1.8";"-";"20.3";"4.2";"24.3";"-";"-";"1.7";"-";"18.7";"3.8";"23.9";"-";"-";"1.7";"-";"18.7";"3.4";"23.7";"-";"-";"1.7";"-";"18.5";"3.5";"22.6";"-";"-";"1.7";"-";"17.8";"3.1"
"Finaal verbruik";"Totaal finaal verbruik";"Totaal finaal verbruik";"Totaal finaal verbruik";"PJ";"2434.7";"35.1";"915.5";"991.3";"14.1";"289.6";"185.5";"2601.9";"35.3";"943.9";"1105.5";"14.4";"301.5";"197.8";"2494.0";"34.9";"950.0";"977.9";"14.4";"313.4";"199.4";"2480.7";"30.9";"952.6";"949.1";"14.1";"324.3";"205.9";"2476.4";"25.8";"978.5";"907.9";"13.3";"332.4";"215.1";"2480.6";"24.1";"976.3";"908.2";"14.2";"342.3";"213.0";"2522.1";"24.1";"1005.0";"915.8";"14.0";"348.9";"211.9";"2554.6";"23.8";"1063.3";"884.1";"13.9";"354.8";"211.7";"2651.2";"24.6";"1139.2";"898.1";"14.0";"360.3";"212.0";"2692.6";"25.9";"1156.8";"900.9";"14.9";"369.2";"220.1";"2670.1";"25.9";"1155.7";"872.2";"15.0";"375.9";"219.3";"2644.9";"26.8";"1184.2";"832.6";"15.6";"380.4";"199.6";"2614.6";"29.1";"1199.9";"771.2";"16.0";"388.3";"204.4";"2601.9";"29.3";"1144.8";"799.6";"16.1";"390.7";"216.1";"2533.9";"23.8";"1128.9";"784.4";"16.3";"377.1";"198.7";"2737.4";"25.6";"1186.1";"903.2";"15.7";"387.9";"215.1";"2510.9";"25.6";"1118.4";"751.3";"15.4";"388.4";"208.0";"2529.5";"25.0";"1127.0";"783.7";"15.9";"373.4";"199.3";"2524.0";"23.3";"1100.1";"805.3";"16.9";"374.9";"198.2";"2324.4";"21.5";"1058.7";"676.9";"18.7";"365.2";"179.5"
"Finaal verbruik";"Finaal energieverbruik";"Totaal";"Totaal";"PJ";"1959.7";"24.8";"551.4";"890.7";"14.1";"289.6";"185.5";"2126.5";"24.3";"575.5";"1009.3";"14.4";"301.5";"197.8";"1997.9";"24.7";"567.7";"874.4";"14.4";"313.4";"199.4";"1995.2";"22.2";"575.4";"849.5";"14.1";"324.3";"205.9";"1986.9";"19.9";"593.3";"809.5";"13.3";"332.4";"215.1";"1982.3";"19.2";"584.9";"806.1";"14.2";"342.3";"213.0";"2016.0";"19.6";"594.4";"824.9";"14.0";"348.9";"211.9";"2013.3";"19.4";"614.6";"796.0";"13.9";"354.8";"211.7";"2045.7";"19.9";"626.2";"810.4";"14.0";"360.3";"212.0";"2067.4";"21.3";"626.5";"810.7";"14.9";"369.2";"220.1";"2036.2";"21.2";"620.9";"777.8";"15.0";"375.9";"219.3";"2022.7";"22.2";"652.5";"746.6";"15.6";"380.4";"199.6";"1983.1";"24.0";"663.3";"681.3";"16.0";"388.3";"204.4";"2021.5";"23.9";"651.8";"717.5";"16.1";"390.7";"216.1";"1951.4";"19.6";"631.3";"703.6";"16.3";"377.1";"198.7";"2094.0";"21.6";"640.4";"809.6";"15.7";"387.9";"215.1";"1934.7";"21.3";"636.0";"661.8";"15.4";"388.4";"208.0";"1935.1";"21.0";"618.2";"702.0";"15.9";"373.4";"199.3";"1938.8";"19.7";"600.5";"723.4";"16.9";"374.9";"198.2";"1753.5";"19.8";"572.3";"594.2";"18.7";"365.2";"179.5"
"Finaal verbruik";"Finaal energieverbruik";"Nijverheid (exclusief de energiesector)";"Totaal";"PJ";"611.1";"24.6";"83.0";"213.1";"3.0";"131.1";"152.7";"637.8";"24.1";"90.9";"223.4";"3.2";"135.4";"157.3";"624.5";"24.5";"86.4";"211.4";"3.1";"138.6";"156.5";"626.2";"22.0";"85.4";"212.2";"3.1";"141.3";"158.4";"642.5";"19.8";"95.4";"208.2";"3.0";"143.5";"169.3";"628.4";"19.1";"88.6";"203.2";"2.9";"145.5";"166.5";"624.2";"19.5";"95.3";"191.6";"2.8";"146.4";"166.3";"639.8";"19.3";"108.9";"191.0";"3.0";"148.8";"165.8";"643.9";"19.8";"115.8";"187.7";"3.2";"146.3";"168.1";"652.9";"21.3";"110.7";"188.7";"3.9";"148.8";"176.6";"642.9";"21.1";"102.2";"187.0";"4.0";"149.5";"175.3";"626.0";"22.1";"120.2";"179.1";"4.1";"149.8";"147.5";"630.4";"23.9";"128.0";"176.2";"4.3";"152.2";"142.9";"611.1";"23.7";"115.1";"171.5";"4.2";"151.2";"142.6";"548.9";"19.4";"111.9";"156.3";"4.3";"131.6";"122.6";"588.1";"21.3";"116.7";"174.2";"3.3";"141.2";"128.9";"571.5";"21.1";"109.5";"169.1";"3.0";"140.8";"125.8";"552.7";"20.7";"114.4";"164.4";"3.0";"125.7";"122.6";"544.5";"19.5";"107.0";"165.4";"3.1";"125.1";"122.2";"533.9";"19.7";"111.2";"163.6";"3.3";"119.1";"114.3"
"Finaal verbruik";"Finaal energieverbruik";"Nijverheid (exclusief de energiesector)";"IJzer- en staalindustrie";"PJ";"44.5";"20.9";"0.2";"11.6";"-";"8.4";"3.4";"44.2";"20.7";"0.2";"12.0";"-";"8.0";"3.3";"43.9";"20.0";"0.2";"12.3";"-";"8.4";"3.1";"41.4";"17.9";"0.2";"12.2";"-";"8.3";"2.9";"38.5";"15.0";"0.2";"12.5";"-";"8.1";"2.6";"39.8";"15.3";"0.2";"12.4";"-";"9.4";"2.4";"40.6";"15.8";"0.1";"12.5";"-";"9.5";"2.7";"40.6";"16.1";"0.1";"12.4";"-";"9.3";"2.6";"41.1";"17.0";"0.1";"11.8";"-";"9.6";"2.5";"42.8";"18.9";"0.2";"11.1";"-";"9.7";"2.9";"42.3";"18.6";"0.2";"11.1";"-";"9.8";"2.7";"42.4";"19.4";"0.1";"10.7";"-";"9.6";"2.5";"42.2";"19.2";"0.2";"10.4";"-";"9.9";"2.4";"42.1";"19.7";"0.2";"10.2";"-";"9.6";"2.4";"35.9";"15.4";"0.2";"8.8";"-";"8.6";"2.9";"41.0";"17.2";"0.2";"11.2";"-";"9.5";"2.8";"40.6";"17.2";"0.1";"10.8";"-";"9.7";"2.8";"40.2";"16.7";"0.2";"10.8";"-";"9.7";"2.8";"39.6";"16.6";"0.2";"10.5";"-";"9.5";"2.7";"39.4";"16.6";"0.2";"10.5";"-";"9.7";"2.4"
"Finaal verbruik";"Finaal energieverbruik";"Nijverheid (exclusief de energiesector)";"Chemie en farmaceutische industrie";"PJ";"300.6";"0.2";"59.5";"84.1";"0.0";"42.7";"111.6";"308.4";"0.6";"65.3";"86.0";"0.0";"43.6";"110.4";"294.6";"0.9";"62.9";"75.0";"0.0";"43.1";"110.0";"294.6";"1.0";"61.2";"74.6";"0.0";"43.3";"111.9";"306.5";"1.3";"70.9";"67.9";"0.0";"41.9";"122.4";"295.7";"0.1";"66.0";"67.7";"0.0";"42.0";"118.6";"297.6";"-";"73.9";"62.0";"0.0";"42.0";"118.5";"316.0";"-";"88.9";"61.2";"0.0";"43.9";"120.1";"326.3";"-";"96.1";"61.4";"0.0";"44.0";"123.2";"332.1";"-";"90.3";"64.9";"0.1";"44.6";"130.6";"326.5";"-";"82.4";"65.5";"0.1";"45.5";"131.3";"315.0";"-";"99.8";"61.5";"0.1";"46.3";"105.6";"320.7";"-";"107.4";"60.2";"0.1";"47.4";"104.1";"299.6";"-";"94.0";"58.2";"0.4";"45.1";"100.3";"282.3";"-";"91.8";"55.5";"0.4";"44.4";"88.8";"301.7";"-";"99.2";"63.3";"0.2";"47.6";"90.3";"293.4";"-";"91.2";"64.7";"0.1";"46.8";"89.8";"290.8";"-";"96.5";"60.9";"0.1";"44.3";"88.0";"285.2";"-";"87.7";"65.0";"0.1";"44.6";"86.9";"281.8";"-";"91.0";"61.9";"0.3";"43.3";"83.8"
"Finaal verbruik";"Finaal energieverbruik";"Nijverheid (exclusief de energiesector)";"Non-ferrometalenindustrie";"PJ";"22.2";"-";"0.0";"3.9";"0.2";"16.6";"0.3";"22.5";"0.0";"0.0";"3.6";"0.1";"17.3";"0.5";"23.3";"0.0";"0.0";"3.9";"0.2";"17.7";"0.3";"25.2";"-";"0.0";"3.7";"0.2";"19.7";"0.4";"25.6";"-";"0.0";"3.4";"0.1";"20.5";"0.3";"27.0";"-";"0.3";"3.6";"0.1";"21.4";"0.2";"25.6";"-";"0.0";"3.4";"-";"20.9";"0.3";"25.6";"-";"0.0";"3.6";"-";"20.7";"0.1";"25.9";"-";"0.0";"3.5";"-";"21.0";"0.0";"28.4";"-";"0.0";"4.1";"-";"22.8";"-";"28.5";"-";"0.0";"4.0";"-";"22.8";"-";"25.8";"-";"0.0";"3.8";"-";"20.6";"-";"27.3";"-";"-";"4.4";"-";"21.6";"-";"28.6";"-";"-";"4.3";"-";"23.0";"-";"18.1";"-";"-";"3.1";"-";"13.8";"0.0";"22.1";"-";"-";"3.6";"-";"17.2";"0.0";"26.5";"-";"0.0";"3.3";"-";"22.0";"0.0";"14.0";"-";"0.0";"2.7";"-";"10.0";"0.3";"14.3";"-";"0.1";"2.7";"-";"10.2";"0.0";"9.4";"-";"0.0";"2.2";"-";"5.9";"0.0"
"Finaal verbruik";"Finaal energieverbruik";"Nijverheid (exclusief de energiesector)";"Bouwmaterialenindustrie";"PJ";"33.6";"2.1";"3.2";"22.8";"-";"4.9";"0.5";"35.6";"1.9";"3.0";"25.0";"0.0";"5.2";"0.4";"36.2";"2.1";"1.6";"26.1";"0.1";"5.6";"0.6";"34.7";"1.9";"2.0";"24.5";"0.1";"5.4";"0.7";"35.4";"2.3";"1.7";"24.8";"0.2";"5.6";"0.7";"36.2";"2.3";"1.4";"25.4";"0.3";"6.1";"0.7";"35.5";"2.4";"1.3";"25.0";"0.3";"5.8";"0.7";"31.3";"1.6";"0.7";"22.1";"0.6";"5.6";"0.7";"31.3";"1.5";"0.8";"22.1";"0.9";"5.3";"0.6";"31.5";"1.5";"0.7";"22.3";"1.2";"5.1";"0.6";"31.9";"1.5";"0.8";"22.7";"1.3";"5.2";"0.5";"32.0";"1.3";"1.1";"22.4";"1.4";"5.2";"0.6";"33.6";"1.9";"1.1";"23.3";"1.3";"5.4";"0.5";"33.3";"1.6";"1.3";"23.0";"1.2";"5.6";"0.5";"30.2";"1.4";"1.0";"20.8";"1.2";"5.2";"0.4";"31.1";"1.5";"1.0";"22.2";"1.0";"5.2";"0.3";"27.6";"1.4";"1.0";"19.2";"1.0";"4.6";"0.3";"25.5";"1.4";"0.8";"17.7";"0.9";"4.4";"0.3";"23.7";"1.2";"0.5";"16.5";"0.8";"4.4";"0.3";"23.8";"1.4";"0.5";"16.7";"0.8";"4.2";"0.2"
"Finaal verbruik";"Finaal energieverbruik";"Nijverheid (exclusief de energiesector)";"Transportmiddelenindustrie";"PJ";"5.6";"-";"0.3";"3.2";"-";"2.1";"-";"5.7";"-";"0.3";"3.2";"-";"2.2";"-";"5.9";"-";"0.5";"3.0";"-";"2.4";"-";"5.7";"-";"0.4";"3.0";"-";"2.3";"0.0";"5.4";"-";"0.3";"2.8";"-";"2.3";"0.0";"5.6";"-";"0.3";"2.9";"-";"2.3";"0.0";"5.7";"-";"0.3";"3.2";"-";"2.3";"0.0";"5.9";"-";"0.2";"3.1";"-";"2.5";"0.0";"5.7";"-";"0.3";"2.9";"-";"2.4";"0.1";"5.4";"-";"0.2";"2.8";"-";"2.3";"0.1";"5.0";"-";"0.2";"2.6";"-";"2.1";"0.1";"4.6";"-";"0.2";"2.2";"-";"2.1";"0.1";"4.6";"-";"0.2";"2.1";"-";"2.2";"0.1";"5.4";"-";"0.3";"2.5";"-";"2.5";"0.2";"5.5";"-";"0.3";"2.5";"-";"2.6";"0.1";"5.6";"-";"0.2";"2.8";"-";"2.6";"0.0";"4.0";"-";"0.0";"1.8";"-";"2.1";"0.0";"3.9";"-";"0.0";"2.0";"-";"1.9";"0.0";"4.2";"-";"0.2";"2.0";"-";"2.0";"0.0";"4.3";"-";"0.2";"2.1";"-";"2.0";"0.0"
"Finaal verbruik";"Finaal energieverbruik";"Nijverheid (exclusief de energiesector)";"Metaalproducten en machine-industrie";"PJ";"27.9";"-";"0.5";"15.8";"-";"10.9";"0.7";"29.4";"-";"0.5";"16.8";"-";"11.2";"0.9";"29.0";"-";"0.4";"16.4";"-";"11.7";"0.6";"29.5";"-";"0.3";"16.8";"-";"11.9";"0.5";"32.3";"0.0";"0.4";"17.4";"-";"14.1";"0.5";"29.9";"-";"0.4";"16.2";"-";"12.8";"0.5";"29.6";"-";"0.3";"16.1";"-";"12.7";"0.5";"29.6";"-";"0.3";"15.6";"-";"13.1";"0.5";"27.4";"-";"0.2";"14.4";"-";"12.1";"0.6";"27.5";"-";"0.3";"14.1";"-";"12.4";"0.6";"28.0";"-";"0.3";"14.1";"-";"12.9";"0.8";"26.9";"-";"0.2";"13.2";"-";"12.7";"0.7";"24.8";"-";"0.3";"12.5";"-";"11.8";"0.3";"25.6";"-";"0.3";"12.3";"-";"12.8";"0.3";"27.1";"-";"0.3";"14.0";"-";"12.5";"0.4";"27.4";"-";"0.3";"14.5";"-";"12.3";"0.3";"21.6";"-";"0.2";"11.0";"-";"10.3";"0.1";"22.5";"-";"0.4";"11.8";"-";"10.3";"0.1";"21.5";"-";"0.3";"11.5";"-";"9.7";"0.1";"20.7";"-";"0.4";"10.0";"-";"10.3";"0.1"
"Finaal verbruik";"Finaal energieverbruik";"Nijverheid (exclusief de energiesector)";"Delfstoffenwinning (geen olie en gas)";"PJ";"2.0";"0.1";"1.1";"0.5";"-";"0.3";"-";"2.0";"0.1";"1.1";"0.5";"-";"0.3";"-";"4.3";"0.1";"1.1";"0.6";"-";"0.6";"2.0";"6.7";"0.1";"1.1";"2.7";"-";"0.9";"2.1";"7.1";"0.1";"1.4";"2.9";"-";"1.0";"1.7";"6.2";"0.1";"1.1";"2.5";"-";"0.8";"1.7";"5.1";"0.1";"0.2";"2.8";"-";"0.7";"1.3";"5.7";"0.2";"1.1";"3.0";"-";"0.7";"0.7";"7.1";"0.2";"1.4";"2.9";"-";"0.8";"1.9";"7.2";"0.1";"1.8";"2.9";"-";"0.7";"1.7";"5.6";"0.1";"0.9";"2.3";"-";"0.7";"1.6";"6.1";"0.1";"0.6";"2.5";"-";"1.0";"1.8";"5.7";"0.1";"0.6";"2.6";"-";"0.9";"1.5";"9.2";"0.1";"0.3";"2.1";"-";"1.2";"5.4";"3.3";"0.1";"0.2";"1.3";"-";"0.5";"1.2";"9.8";"0.2";"0.2";"2.4";"-";"1.6";"5.4";"5.8";"0.2";"0.2";"2.5";"-";"0.9";"2.1";"6.2";"0.2";"0.3";"2.1";"-";"0.9";"2.7";"5.9";"0.2";"0.3";"1.8";"-";"0.9";"2.7";"3.8";"0.2";"0.3";"2.0";"-";"0.7";"0.6"
"Finaal verbruik";"Finaal energieverbruik";"Nijverheid (exclusief de energiesector)";"Voedings- en genotmiddelenindustrie";"PJ";"88.5";"1.2";"1.6";"44.1";"0.6";"20.6";"20.4";"97.4";"0.8";"1.4";"47.1";"0.6";"22.9";"24.6";"92.9";"1.2";"1.0";"45.0";"0.5";"22.7";"22.6";"94.2";"1.1";"1.1";"45.7";"0.5";"23.0";"22.9";"98.6";"0.9";"1.5";"49.3";"0.4";"22.8";"23.6";"94.4";"1.1";"0.7";"44.0";"0.4";"22.9";"25.3";"92.5";"1.1";"0.8";"40.8";"0.4";"24.5";"24.7";"93.6";"1.1";"0.3";"43.6";"0.4";"24.1";"24.1";"91.3";"0.8";"0.4";"42.7";"0.5";"23.7";"23.1";"89.2";"0.5";"0.3";"40.9";"0.8";"23.5";"23.1";"88.2";"0.6";"0.7";"40.2";"0.8";"23.6";"22.1";"87.6";"1.0";"0.9";"40.0";"1.0";"24.8";"19.9";"86.8";"1.8";"0.7";"37.9";"1.2";"25.9";"19.3";"83.1";"1.2";"0.2";"36.6";"1.0";"24.6";"19.5";"72.0";"1.1";"0.1";"30.7";"1.2";"22.0";"17.0";"75.4";"1.0";"0.2";"33.6";"0.7";"22.9";"16.9";"79.4";"0.9";"0.1";"36.6";"0.5";"23.1";"18.1";"77.4";"1.1";"0.4";"36.5";"0.5";"22.7";"16.1";"76.4";"0.8";"0.1";"35.5";"0.7";"22.3";"17.0";"81.8";"1.0";"0.2";"39.8";"0.6";"22.8";"17.3"
"Finaal verbruik";"Finaal energieverbruik";"Nijverheid (exclusief de energiesector)";"Papier- en grafische industrie";"PJ";"36.1";"-";"0.1";"9.3";"0.1";"11.6";"15.1";"39.0";"-";"0.1";"10.4";"0.1";"11.8";"16.6";"40.5";"-";"0.1";"11.2";"0.1";"12.8";"16.3";"39.9";"-";"0.1";"11.0";"0.1";"12.9";"15.8";"39.9";"-";"0.0";"10.4";"0.1";"13.2";"16.1";"40.5";"-";"0.1";"10.3";"0.1";"13.7";"16.3";"38.3";"-";"0.1";"9.2";"0.1";"13.0";"15.8";"39.7";"-";"0.1";"10.4";"0.1";"13.7";"15.5";"38.6";"-";"0.0";"10.1";"0.1";"13.3";"15.1";"39.4";"-";"0.0";"10.0";"0.2";"13.3";"16.0";"38.5";"-";"0.0";"9.8";"0.1";"13.1";"15.4";"37.9";"-";"0.0";"9.0";"0.1";"13.2";"15.5";"36.8";"-";"0.0";"9.5";"0.1";"13.3";"13.8";"34.5";"-";"0.0";"8.1";"0.1";"13.0";"13.1";"28.2";"-";"0.0";"7.1";"0.2";"9.8";"11.2";"29.5";"-";"0.0";"7.8";"0.2";"9.7";"11.9";"27.4";"-";"0.0";"6.6";"0.2";"9.0";"11.6";"27.5";"-";"0.0";"6.8";"0.2";"9.0";"11.5";"27.4";"-";"0.0";"6.2";"0.2";"9.2";"11.9";"24.3";"-";"0.0";"6.4";"0.2";"8.3";"9.4"
"Finaal verbruik";"Finaal energieverbruik";"Nijverheid (exclusief de energiesector)";"Houtindustrie";"PJ";"3.9";"-";"0.0";"0.6";"2.2";"1.1";"0.1";"3.9";"-";"0.0";"0.7";"2.2";"0.9";"0.0";"3.9";"-";"0.0";"0.6";"2.3";"0.9";"0.1";"4.2";"-";"0.0";"0.7";"2.2";"1.1";"0.1";"4.2";"-";"0.1";"0.8";"2.1";"1.1";"0.0";"4.6";"-";"0.1";"1.5";"2.0";"1.0";"0.0";"3.5";"-";"0.0";"0.6";"1.9";"0.9";"0.0";"3.5";"-";"0.0";"0.7";"1.8";"0.9";"0.0";"3.3";"-";"0.0";"0.7";"1.7";"0.8";"0.0";"3.1";"-";"0.0";"0.6";"1.6";"0.7";"0.0";"3.3";"-";"0.0";"0.7";"1.7";"0.9";"0.0";"3.0";"-";"0.0";"0.6";"1.4";"0.9";"0.0";"3.2";"-";"0.0";"0.5";"1.6";"1.0";"0.1";"3.1";"-";"0.0";"0.6";"1.4";"1.0";"0.1";"3.3";"-";"0.0";"0.9";"1.4";"1.0";"0.0";"3.1";"-";"0.0";"0.8";"1.3";"0.9";"0.1";"2.7";"-";"0.1";"1.0";"0.9";"0.8";"0.1";"2.7";"-";"0.0";"0.9";"0.9";"0.9";"0.0";"2.4";"-";"0.0";"0.8";"0.9";"0.6";"0.1";"2.8";"-";"0.0";"1.0";"1.0";"0.7";"0.1"
"Finaal verbruik";"Finaal energieverbruik";"Nijverheid (exclusief de energiesector)";"Bouwnijverheid";"PJ";"24.3";"-";"16.1";"4.8";"-";"3.3";"-";"27.9";"-";"18.6";"5.9";"-";"3.4";"-";"27.1";"-";"18.5";"5.1";"-";"3.5";"-";"27.3";"-";"18.8";"5.0";"-";"3.5";"-";"27.0";"-";"18.5";"4.8";"-";"3.6";"-";"26.3";"-";"17.7";"4.9";"-";"3.7";"-";"27.2";"-";"18.1";"5.4";"-";"3.7";"-";"25.7";"-";"16.9";"5.1";"-";"3.7";"-";"25.1";"-";"16.3";"5.2";"0.0";"3.6";"0.0";"25.3";"-";"16.7";"5.0";"-";"3.5";"-";"25.0";"-";"16.7";"4.8";"-";"3.5";"-";"25.4";"-";"17.1";"4.7";"-";"3.5";"-";"25.7";"-";"17.4";"4.6";"-";"3.6";"-";"27.2";"-";"18.4";"5.2";"-";"3.7";"-";"26.8";"-";"18.0";"5.1";"-";"3.7";"-";"24.5";"-";"15.3";"5.5";"-";"3.6";"-";"24.4";"-";"16.5";"4.5";"0.1";"3.4";"0.0";"24.0";"0.0";"15.6";"5.0";"0.1";"3.2";"0.0";"26.1";"0.0";"17.5";"5.1";"0.1";"3.4";"0.0";"25.5";"0.1";"18.2";"4.1";"0.1";"3.1";"-"
"Finaal verbruik";"Finaal energieverbruik";"Nijverheid (exclusief de energiesector)";"Textiel-, kleding- en lederindustrie";"PJ";"9.0";"0.0";"0.0";"6.2";"-";"2.1";"0.6";"8.2";"0.0";"0.0";"5.7";"-";"2.0";"0.5";"9.3";"0.0";"0.0";"6.5";"-";"2.3";"0.6";"9.9";"0.0";"0.0";"6.7";"-";"2.3";"0.8";"8.1";"0.0";"0.1";"5.2";"-";"2.0";"0.8";"8.3";"0.0";"0.1";"5.8";"-";"2.0";"0.3";"7.8";"0.0";"0.1";"4.6";"-";"1.9";"1.1";"7.5";"0.1";"0.1";"4.4";"-";"2.1";"0.9";"7.0";"0.0";"0.0";"4.5";"-";"2.0";"0.4";"6.2";"0.0";"0.0";"4.1";"-";"1.8";"0.3";"5.1";"0.1";"0.0";"3.3";"-";"1.5";"0.4";"4.7";"0.0";"0.0";"2.9";"-";"1.4";"0.4";"4.8";"-";"0.0";"3.1";"-";"1.4";"0.3";"4.6";"-";"0.0";"3.0";"-";"1.3";"0.3";"4.3";"-";"0.0";"2.8";"-";"1.2";"0.3";"4.8";"-";"0.0";"2.8";"-";"1.4";"0.6";"4.2";"-";"0.0";"2.3";"-";"1.3";"0.6";"4.2";"-";"0.0";"2.5";"-";"1.3";"0.5";"4.3";"-";"0.0";"2.5";"-";"1.4";"0.4";"3.7";"-";"0.0";"2.2";"-";"1.2";"0.3"
"Finaal verbruik";"Finaal energieverbruik";"Nijverheid (exclusief de energiesector)";"Onbekend";"PJ";"13.0";"0.1";"0.3";"6.1";"-";"6.3";"0.0";"13.6";"0.0";"0.4";"6.5";"-";"6.6";"0.1";"13.5";"0.2";"0.2";"5.7";"-";"7.0";"0.5";"13.1";"0.1";"0.2";"5.6";"-";"6.7";"0.4";"14.0";"0.1";"0.2";"5.8";"-";"7.4";"0.5";"13.8";"0.2";"0.2";"5.8";"-";"7.3";"0.4";"15.2";"0.2";"0.1";"6.0";"-";"8.4";"0.5";"15.2";"0.2";"0.1";"5.8";"-";"8.5";"0.6";"14.2";"0.3";"0.1";"5.4";"-";"7.8";"0.6";"15.0";"0.2";"0.1";"5.9";"-";"8.3";"0.5";"14.8";"0.3";"0.1";"5.8";"-";"8.2";"0.4";"14.7";"0.3";"0.0";"5.6";"-";"8.2";"0.5";"14.2";"0.9";"0.0";"5.1";"-";"7.8";"0.4";"14.8";"1.1";"0.0";"5.4";"-";"7.8";"0.4";"11.8";"1.3";"0.0";"3.6";"-";"6.5";"0.3";"12.2";"1.4";"0.0";"3.8";"-";"6.7";"0.3";"13.9";"1.4";"0.0";"4.9";"0.3";"6.9";"0.3";"13.9";"1.3";"0.0";"4.8";"0.3";"7.1";"0.3";"13.4";"0.8";"0.0";"5.3";"0.3";"6.9";"0.1";"12.7";"0.4";"0.1";"4.9";"0.3";"6.9";"0.0"
"Finaal verbruik";"Finaal energieverbruik";"Vervoer";"Totaal";"PJ";"421.1";"-";"415.8";"0.0";"-";"5.4";"-";"438.8";"-";"433.1";"0.0";"-";"5.7";"-";"438.4";"-";"432.8";"0.0";"-";"5.7";"-";"448.3";"-";"442.4";"0.0";"-";"5.9";"-";"455.3";"-";"449.4";"0.0";"-";"5.9";"-";"454.6";"-";"448.7";"0.0";"-";"5.9";"-";"458.1";"-";"452.4";"0.0";"-";"5.7";"-";"468.3";"-";"462.7";"0.0";"-";"5.6";"-";"475.2";"-";"469.4";"0.0";"-";"5.7";"-";"482.5";"-";"476.5";"0.0";"-";"6.0";"-";"485.2";"-";"479.4";"0.0";"-";"5.8";"-";"499.6";"-";"493.7";"0.1";"-";"5.8";"-";"504.4";"-";"498.6";"0.1";"-";"5.7";"-";"507.6";"-";"501.6";"0.1";"-";"5.8";"-";"492.1";"-";"485.8";"0.3";"-";"6.0";"-";"493.6";"-";"486.9";"0.4";"-";"6.3";"-";"499.6";"-";"492.6";"0.7";"-";"6.3";"-";"478.5";"-";"471.1";"1.0";"-";"6.3";"-";"465.7";"-";"458.3";"1.1";"-";"6.3";"-";"436.2";"-";"428.8";"1.3";"-";"6.2";"-"
"Finaal verbruik";"Finaal energieverbruik";"Vervoer";"Binnenlandse luchtvaart";"PJ";"1.1";"-";"1.1";"-";"-";"-";"-";"1.2";"-";"1.2";"-";"-";"-";"-";"1.1";"-";"1.1";"-";"-";"-";"-";"1.0";"-";"1.0";"-";"-";"-";"-";"0.8";"-";"0.8";"-";"-";"-";"-";"0.8";"-";"0.8";"-";"-";"-";"-";"0.7";"-";"0.7";"-";"-";"-";"-";"0.7";"-";"0.7";"-";"-";"-";"-";"0.7";"-";"0.7";"-";"-";"-";"-";"0.6";"-";"0.6";"-";"-";"-";"-";"0.6";"-";"0.6";"-";"-";"-";"-";"0.5";"-";"0.5";"-";"-";"-";"-";"0.6";"-";"0.6";"-";"-";"-";"-";"0.6";"-";"0.6";"-";"-";"-";"-";"0.5";"-";"0.5";"-";"-";"-";"-";"0.6";"-";"0.6";"-";"-";"-";"-";"0.6";"-";"0.6";"-";"-";"-";"-";"0.6";"-";"0.6";"-";"-";"-";"-";"0.6";"-";"0.6";"-";"-";"-";"-";"0.5";"-";"0.5";"-";"-";"-";"-"
"Finaal verbruik";"Finaal energieverbruik";"Vervoer";"Wegverkeer";"PJ";"403.6";"-";"403.6";"0.0";"-";"0.0";"-";"420.5";"-";"420.4";"0.0";"-";"0.0";"-";"420.6";"-";"420.6";"0.0";"-";"0.0";"-";"430.5";"-";"430.5";"0.0";"-";"0.0";"-";"437.2";"-";"437.2";"0.0";"-";"0.0";"-";"436.2";"-";"436.2";"0.0";"-";"0.0";"-";"439.7";"-";"439.7";"0.0";"-";"0.0";"-";"449.7";"-";"449.7";"0.0";"-";"0.0";"-";"457.1";"-";"457.0";"0.0";"-";"0.0";"-";"464.1";"-";"464.1";"0.0";"-";"0.0";"-";"466.1";"-";"466.1";"0.0";"-";"0.0";"-";"480.0";"-";"479.9";"0.1";"-";"0.0";"-";"483.9";"-";"483.8";"0.1";"-";"0.0";"-";"486.6";"-";"486.5";"0.1";"-";"0.0";"-";"471.0";"-";"470.7";"0.3";"-";"0.0";"-";"470.4";"-";"470.0";"0.4";"-";"0.0";"-";"476.2";"-";"475.5";"0.7";"-";"0.0";"-";"456.6";"-";"455.5";"1.0";"-";"0.1";"-";"443.1";"-";"441.9";"1.1";"-";"0.1";"-";"415.8";"-";"414.2";"1.3";"-";"0.3";"-"
"Finaal verbruik";"Finaal energieverbruik";"Vervoer";"Railverkeer";"PJ";"6.6";"-";"1.3";"-";"-";"5.3";"-";"7.0";"-";"1.3";"-";"-";"5.6";"-";"7.1";"-";"1.4";"-";"-";"5.7";"-";"7.3";"-";"1.4";"-";"-";"5.9";"-";"7.2";"-";"1.3";"-";"-";"5.9";"-";"7.4";"-";"1.5";"-";"-";"5.9";"-";"7.2";"-";"1.5";"-";"-";"5.7";"-";"7.0";"-";"1.4";"-";"-";"5.6";"-";"7.1";"-";"1.4";"-";"-";"5.7";"-";"7.4";"-";"1.5";"-";"-";"5.9";"-";"7.2";"-";"1.4";"-";"-";"5.8";"-";"7.2";"-";"1.4";"-";"-";"5.8";"-";"7.1";"-";"1.4";"-";"-";"5.7";"-";"7.2";"-";"1.4";"-";"-";"5.8";"-";"7.3";"-";"1.3";"-";"-";"6.0";"-";"7.7";"-";"1.4";"-";"-";"6.3";"-";"7.6";"-";"1.4";"-";"-";"6.2";"-";"7.4";"-";"1.1";"-";"-";"6.3";"-";"7.3";"-";"1.1";"-";"-";"6.2";"-";"7.1";"-";"1.2";"-";"-";"5.9";"-"
"Finaal verbruik";"Finaal energieverbruik";"Vervoer";"Pijpleidingen";"PJ";"-";"-";"-";"-";"-";"-";"-";"-";"-";"-";"-";"-";"-";"-";"-";"-";"-";"-";"-";"-";"-";"-";"-";"-";"-";"-";"-";"-";"-";"-";"-";"-";"-";"-";"-";"-";"-";"-";"-";"-";"-";"-";"-";"-";"-";"-";"-";"-";"-";"-";"-";"-";"-";"-";"-";"-";"-";"-";"-";"-";"-";"-";"-";"-";"-";"-";"-";"-";"-";"-";"-";"-";"-";"-";"-";"-";"-";"-";"-";"-";"-";"-";"-";"-";"-";"-";"-";"-";"-";"-";"-";"-";"-";"-";"-";"-";"-";"-";"-";"-";"-";"-";"-";"-";"-";"-";"-";"-";"-";"-";"-";"-";"-";"-";"-";"-";"-";"-";"-";"-";"-";"-";"-";"-";"-";"-";"-";"-";"-";"-";"-";"-";"-";"-";"-";"-";"-";"-";"-";"-"
"Finaal verbruik";"Finaal energieverbruik";"Vervoer";"Binnenlandse scheepvaart";"PJ";"9.8";"-";"9.8";"-";"-";"-";"-";"10.2";"-";"10.2";"-";"-";"-";"-";"9.6";"-";"9.6";"-";"-";"-";"-";"9.5";"-";"9.5";"-";"-";"-";"-";"10.1";"-";"10.1";"-";"-";"-";"-";"10.1";"-";"10.1";"-";"-";"-";"-";"10.5";"-";"10.5";"-";"-";"-";"-";"10.9";"-";"10.9";"-";"-";"-";"-";"10.3";"-";"10.3";"-";"-";"-";"-";"10.4";"-";"10.4";"-";"-";"-";"-";"11.3";"-";"11.3";"-";"-";"-";"-";"11.8";"-";"11.8";"-";"-";"-";"-";"12.8";"-";"12.8";"-";"-";"-";"-";"13.1";"-";"13.1";"-";"-";"-";"-";"13.3";"-";"13.3";"-";"-";"-";"-";"14.9";"-";"14.9";"-";"-";"-";"-";"15.1";"-";"15.1";"-";"-";"-";"-";"13.9";"-";"13.9";"-";"-";"-";"-";"14.8";"-";"14.8";"-";"-";"-";"-";"12.9";"-";"12.9";"-";"-";"-";"-"
"Finaal verbruik";"Finaal energieverbruik";"Vervoer";"Onbekend";"PJ";"-";"-";"-";"-";"-";"-";"-";"-";"-";"-";"-";"-";"-";"-";"-";"-";"-";"-";"-";"-";"-";"-";"-";"-";"-";"-";"-";"-";"-";"-";"-";"-";"-";"-";"-";"-";"-";"-";"-";"-";"-";"-";"-";"-";"-";"-";"-";"-";"-";"-";"-";"-";"-";"-";"-";"-";"-";"-";"-";"-";"-";"-";"-";"-";"-";"-";"-";"-";"-";"-";"-";"-";"-";"-";"-";"-";"-";"-";"-";"-";"-";"-";"-";"-";"-";"-";"-";"-";"-";"-";"-";"-";"-";"-";"-";"-";"-";"-";"-";"-";"-";"-";"-";"-";"-";"-";"-";"-";"-";"-";"-";"-";"-";"-";"-";"-";"-";"-";"-";"-";"-";"-";"-";"-";"-";"-";"-";"-";"-";"-";"-";"-";"-";"-";"-";"-";"-";"-";"-";"-"
"Finaal verbruik";"Finaal energieverbruik";"Overige afnemers";"Totaal";"PJ";"927.5";"0.3";"52.6";"677.7";"11.0";"153.2";"32.8";"1049.9";"0.2";"51.5";"785.9";"11.3";"160.4";"40.5";"935.0";"0.2";"48.5";"662.9";"11.3";"169.1";"42.9";"920.6";"0.2";"47.5";"637.4";"11.0";"177.1";"47.5";"889.1";"0.1";"48.6";"601.3";"10.3";"182.9";"45.8";"899.3";"0.1";"47.6";"602.9";"11.4";"190.9";"46.5";"933.7";"0.1";"46.7";"633.3";"11.2";"196.8";"45.7";"905.2";"0.1";"43.0";"604.9";"11.0";"200.3";"46.0";"926.6";"0.1";"40.9";"622.6";"10.8";"208.2";"43.9";"932.1";"0.1";"39.4";"622.0";"11.0";"214.4";"43.6";"908.1";"0.1";"39.3";"590.8";"11.0";"220.5";"44.0";"897.2";"0.1";"38.6";"567.5";"11.5";"224.8";"52.0";"848.3";"0.2";"36.8";"505.1";"11.7";"230.3";"61.5";"902.8";"0.2";"35.1";"545.9";"12.0";"233.7";"73.6";"910.4";"0.2";"33.6";"547.0";"12.0";"239.4";"76.0";"1012.3";"0.3";"36.7";"635.0";"12.4";"240.4";"86.2";"863.6";"0.2";"33.9";"492.0";"12.3";"241.3";"82.3";"903.8";"0.2";"32.7";"536.6";"12.9";"241.4";"76.8";"928.6";"0.1";"35.2";"556.9";"13.8";"243.5";"76.0";"783.4";"0.1";"32.4";"429.3";"15.5";"239.9";"65.1"
"Finaal verbruik";"Finaal energieverbruik";"Overige afnemers";"Diensten, afval, water en reparatie";"PJ";"240.2";"0.0";"6.1";"145.5";"1.0";"74.6";"13.0";"273.6";"0.0";"7.2";"169.7";"1.0";"80.2";"15.5";"258.0";"0.0";"7.4";"146.0";"1.2";"87.2";"16.2";"262.4";"0.0";"6.6";"140.6";"1.1";"93.7";"20.3";"251.4";"0.0";"6.0";"128.9";"1.1";"96.8";"18.5";"258.5";"0.0";"5.7";"128.8";"1.1";"103.7";"19.2";"273.0";"0.0";"5.6";"139.3";"1.0";"108.2";"18.8";"269.5";"0.0";"5.7";"132.5";"0.9";"109.5";"20.9";"281.6";"0.0";"5.4";"142.4";"0.8";"114.5";"18.4";"302.4";"0.0";"5.8";"157.7";"1.0";"118.6";"17.8";"288.0";"0.0";"5.5";"144.0";"0.9";"121.3";"13.8";"293.8";"0.0";"6.1";"144.2";"1.0";"124.7";"15.1";"282.7";"0.1";"5.9";"128.4";"1.1";"127.5";"17.0";"294.0";"0.1";"5.3";"140.4";"0.9";"129.2";"15.7";"301.6";"0.2";"4.4";"144.8";"0.8";"131.6";"17.8";"321.7";"0.2";"5.1";"164.6";"0.9";"132.4";"17.3";"286.6";"0.2";"4.0";"131.8";"0.8";"132.9";"15.4";"299.3";"0.2";"5.0";"149.7";"1.1";"130.0";"10.1";"300.0";"0.1";"5.5";"150.3";"1.4";"130.5";"9.3";"261.8";"0.0";"3.6";"118.6";"1.4";"127.8";"9.1"
"Finaal verbruik";"Finaal energieverbruik";"Overige afnemers";"Huishoudens";"PJ";"489.5";"0.2";"5.7";"402.4";"9.9";"65.1";"6.1";"560.5";"0.2";"5.2";"471.2";"10.1";"66.1";"7.7";"483.6";"0.2";"3.9";"395.3";"9.9";"67.4";"6.8";"465.2";"0.2";"3.7";"375.9";"9.8";"68.8";"6.9";"446.7";"0.1";"3.5";"356.6";"9.1";"70.6";"6.8";"448.8";"0.1";"3.1";"356.2";"10.1";"72.1";"7.1";"472.9";"0.1";"2.9";"378.6";"10.0";"73.1";"8.2";"461.5";"0.1";"2.6";"365.3";"10.0";"75.4";"8.1";"472.4";"0.1";"2.4";"374.1";"9.9";"77.1";"8.9";"456.3";"0.0";"2.1";"357.7";"9.9";"77.5";"9.1";"443.1";"0.0";"1.9";"343.9";"10.0";"78.5";"8.8";"446.7";"0.0";"1.8";"346.6";"10.0";"79.5";"8.8";"410.2";"0.1";"1.7";"309.5";"10.0";"80.2";"8.6";"453.5";"0.1";"1.8";"350.7";"10.1";"81.0";"9.9";"453.6";"0.1";"1.8";"349.2";"10.1";"82.3";"10.0";"513.9";"0.1";"1.9";"406.7";"10.2";"82.8";"12.2";"421.3";"0.1";"1.7";"316.0";"10.2";"83.0";"10.5";"446.4";"0.1";"1.8";"337.9";"10.2";"84.3";"12.1";"469.1";"0.1";"1.8";"358.9";"10.3";"84.4";"13.6";"372.8";"0.0";"1.5";"267.7";"10.2";"82.4";"10.9"
"Finaal verbruik";"Finaal energieverbruik";"Overige afnemers";"Landbouw";"PJ";"175.4";"-";"18.4";"129.8";"0.1";"13.5";"13.7";"193.9";"-";"17.3";"145.0";"0.1";"14.1";"17.4";"172.0";"-";"15.8";"121.6";"0.1";"14.5";"19.9";"171.8";"-";"15.8";"120.9";"0.1";"14.6";"20.3";"168.6";"-";"16.6";"115.8";"0.1";"15.6";"20.5";"170.3";"-";"17.1";"117.9";"0.1";"15.1";"20.1";"166.7";"-";"17.0";"115.4";"0.1";"15.6";"18.6";"155.8";"-";"16.2";"107.1";"0.1";"15.4";"17.0";"155.6";"-";"16.1";"106.1";"0.1";"16.6";"16.7";"157.5";"-";"15.6";"106.7";"0.1";"18.4";"16.7";"161.4";"-";"16.2";"102.9";"0.1";"20.7";"21.4";"141.9";"-";"16.0";"76.6";"0.5";"20.7";"28.1";"142.3";"-";"16.0";"67.1";"0.5";"22.7";"35.9";"143.0";"-";"15.8";"54.8";"0.9";"23.5";"48.0";"143.3";"-";"15.6";"53.0";"1.0";"25.5";"48.2";"162.7";"-";"16.3";"63.5";"1.3";"24.9";"56.7";"143.2";"-";"16.3";"44.1";"1.3";"25.1";"56.4";"147.4";"-";"15.7";"48.8";"1.5";"26.8";"54.5";"147.6";"-";"16.5";"47.5";"2.2";"28.3";"53.1";"136.8";"-";"15.7";"42.9";"3.9";"29.3";"45.1"
"Finaal verbruik";"Finaal energieverbruik";"Overige afnemers";"Visserij";"PJ";"17.6";"-";"17.6";"-";"-";"-";"-";"17.0";"-";"17.0";"-";"-";"-";"-";"17.5";"-";"17.5";"-";"-";"-";"-";"17.6";"-";"17.6";"-";"-";"-";"-";"18.0";"-";"18.0";"-";"-";"-";"-";"17.5";"-";"17.5";"-";"-";"-";"-";"17.2";"-";"17.2";"-";"-";"-";"-";"14.4";"-";"14.4";"-";"-";"-";"-";"13.1";"-";"13.1";"-";"-";"-";"-";"12.4";"-";"12.4";"-";"-";"-";"-";"12.2";"-";"12.2";"-";"-";"-";"-";"11.5";"-";"11.5";"-";"-";"-";"-";"10.1";"-";"10.1";"-";"-";"-";"-";"9.2";"-";"9.2";"-";"-";"-";"-";"8.7";"-";"8.7";"-";"-";"-";"-";"9.2";"-";"9.2";"-";"-";"-";"-";"8.5";"-";"8.5";"-";"-";"-";"-";"7.5";"-";"7.5";"-";"-";"-";"-";"8.2";"-";"8.2";"-";"-";"-";"-";"8.3";"-";"8.3";"-";"-";"-";"-"
"Finaal verbruik";"Finaal energieverbruik";"Overige afnemers";"Onbekend";"PJ";"4.9";"-";"4.9";"-";"-";"-";"-";"4.9";"-";"4.9";"-";"-";"-";"-";"3.9";"-";"3.9";"-";"-";"-";"-";"3.7";"-";"3.7";"-";"-";"-";"-";"4.4";"-";"4.4";"-";"-";"-";"-";"4.2";"-";"4.2";"-";"-";"-";"-";"3.9";"-";"3.9";"-";"-";"-";"-";"4.0";"-";"4.0";"-";"-";"-";"-";"3.9";"-";"3.9";"-";"-";"-";"-";"3.4";"-";"3.4";"-";"-";"-";"-";"3.5";"-";"3.5";"-";"-";"-";"-";"3.2";"-";"3.2";"-";"-";"-";"-";"3.1";"-";"3.1";"-";"-";"-";"-";"3.1";"-";"3.1";"-";"-";"-";"-";"3.2";"-";"3.2";"-";"-";"-";"-";"4.8";"-";"4.2";"0.2";"-";"0.3";"0.1";"3.9";"-";"3.4";"0.1";"-";"0.4";"0.1";"3.3";"-";"2.8";"0.2";"-";"0.4";"0.0";"3.7";"-";"3.1";"0.2";"-";"0.4";"0.0";"3.8";"-";"3.3";"0.2";"-";"0.3";"0.0"
"Finaal verbruik";"Niet-energetisch gebruik";"Totaal";"Totaal";"PJ";"475.0";"10.2";"364.1";"100.6";"-";"-";"-";"475.5";"10.9";"368.3";"96.2";"-";"-";"-";"496.0";"10.2";"382.3";"103.5";"-";"-";"-";"485.5";"8.7";"377.2";"99.6";"-";"-";"-";"489.5";"5.9";"385.2";"98.4";"-";"-";"-";"498.3";"4.9";"391.4";"102.0";"-";"-";"-";"506.1";"4.4";"410.7";"91.0";"-";"-";"-";"541.3";"4.4";"448.7";"88.2";"-";"-";"-";"605.5";"4.7";"513.1";"87.8";"-";"-";"-";"625.2";"4.6";"530.3";"90.3";"-";"-";"-";"633.9";"4.7";"534.8";"94.3";"-";"-";"-";"622.2";"4.6";"531.6";"85.9";"-";"-";"-";"631.5";"5.1";"536.6";"89.9";"-";"-";"-";"580.4";"5.3";"492.9";"82.1";"-";"-";"-";"582.6";"4.2";"497.6";"80.8";"-";"-";"-";"643.3";"4.0";"545.7";"93.6";"-";"-";"-";"576.2";"4.3";"482.4";"89.5";"-";"-";"0.0";"594.5";"4.0";"508.8";"81.7";"-";"-";"-";"585.2";"3.6";"499.6";"81.9";"-";"-";"-";"570.9";"1.7";"486.5";"82.7";"-";"-";"-"
"Finaal verbruik";"Niet-energetisch gebruik";"Nijverheid (exclusief de energiesector)";"Nijverheid (exclusief de energiesector)";"PJ";"469.8";"10.2";"359.0";"100.6";"-";"-";"-";"470.4";"10.9";"363.3";"96.2";"-";"-";"-";"490.7";"10.2";"376.9";"103.5";"-";"-";"-";"479.9";"8.7";"371.7";"99.6";"-";"-";"-";"484.0";"5.9";"379.7";"98.4";"-";"-";"-";"493.6";"4.9";"386.7";"102.0";"-";"-";"-";"500.7";"4.4";"405.3";"91.0";"-";"-";"-";"535.7";"4.4";"443.1";"88.2";"-";"-";"-";"599.9";"4.7";"507.5";"87.8";"-";"-";"-";"619.7";"4.6";"524.8";"90.3";"-";"-";"-";"627.1";"4.7";"528.0";"94.3";"-";"-";"-";"616.1";"4.6";"525.5";"85.9";"-";"-";"-";"626.6";"5.1";"531.7";"89.9";"-";"-";"-";"575.0";"5.3";"487.6";"82.1";"-";"-";"-";"577.7";"4.2";"492.7";"80.8";"-";"-";"-";"638.7";"4.0";"541.0";"93.6";"-";"-";"-";"571.9";"4.3";"478.2";"89.5";"-";"-";"0.0";"590.8";"4.0";"505.1";"81.7";"-";"-";"-";"581.6";"3.6";"496.1";"81.9";"-";"-";"-";"567.1";"1.7";"482.7";"82.7";"-";"-";"-"
"Finaal verbruik";"Niet-energetisch gebruik";"Waarvan chemie en petrochemie";"Waarvan chemie en petrochemie";"PJ";"432.5";"7.9";"324.0";"100.6";"-";"-";"-";"435.1";"8.3";"330.6";"96.2";"-";"-";"-";"456.0";"7.8";"344.7";"103.5";"-";"-";"-";"447.6";"6.3";"341.7";"99.6";"-";"-";"-";"449.1";"5.3";"345.4";"98.4";"-";"-";"-";"460.1";"4.2";"353.9";"102.0";"-";"-";"-";"465.0";"3.9";"370.2";"91.0";"-";"-";"-";"500.1";"4.0";"408.0";"88.2";"-";"-";"-";"567.6";"4.1";"475.7";"87.8";"-";"-";"-";"581.2";"4.2";"486.8";"90.3";"-";"-";"-";"587.4";"4.3";"488.7";"94.3";"-";"-";"-";"577.0";"4.4";"486.7";"85.9";"-";"-";"-";"590.6";"4.7";"496.1";"89.9";"-";"-";"-";"540.1";"5.0";"453.0";"82.1";"-";"-";"-";"549.9";"3.9";"465.1";"80.8";"-";"-";"-";"609.1";"3.7";"511.8";"93.6";"-";"-";"-";"547.0";"3.9";"453.6";"89.5";"-";"-";"0.0";"569.3";"3.7";"484.0";"81.7";"-";"-";"-";"559.8";"3.2";"474.7";"81.9";"-";"-";"-";"554.3";"1.4";"470.3";"82.7";"-";"-";"-"
"Finaal verbruik";"Niet-energetisch gebruik";"Vervoer";"Vervoer";"PJ";"2.9";"-";"2.9";"-";"-";"-";"-";"2.7";"-";"2.7";"-";"-";"-";"-";"2.8";"-";"2.8";"-";"-";"-";"-";"2.9";"-";"2.9";"-";"-";"-";"-";"3.1";"-";"3.1";"-";"-";"-";"-";"2.8";"-";"2.8";"-";"-";"-";"-";"3.0";"-";"3.0";"-";"-";"-";"-";"3.2";"-";"3.2";"-";"-";"-";"-";"3.2";"-";"3.2";"-";"-";"-";"-";"3.2";"-";"3.2";"-";"-";"-";"-";"4.0";"-";"4.0";"-";"-";"-";"-";"3.7";"-";"3.7";"-";"-";"-";"-";"3.0";"-";"3.0";"-";"-";"-";"-";"3.4";"-";"3.4";"-";"-";"-";"-";"2.8";"-";"2.8";"-";"-";"-";"-";"2.9";"-";"2.9";"-";"-";"-";"-";"2.7";"-";"2.7";"-";"-";"-";"-";"2.3";"-";"2.3";"-";"-";"-";"-";"2.2";"-";"2.2";"-";"-";"-";"-";"2.3";"-";"2.3";"-";"-";"-";"-"
"Finaal verbruik";"Niet-energetisch gebruik";"Overige afnemers";"Overige afnemers";"PJ";"2.3";"-";"2.3";"-";"-";"-";"-";"2.3";"-";"2.3";"-";"-";"-";"-";"2.5";"-";"2.5";"-";"-";"-";"-";"2.7";"-";"2.7";"-";"-";"-";"-";"2.4";"-";"2.4";"-";"-";"-";"-";"1.9";"-";"1.9";"-";"-";"-";"-";"2.4";"-";"2.4";"-";"-";"-";"-";"2.4";"-";"2.4";"-";"-";"-";"-";"2.3";"-";"2.3";"-";"-";"-";"-";"2.3";"-";"2.3";"-";"-";"-";"-";"2.8";"-";"2.8";"-";"-";"-";"-";"2.4";"-";"2.4";"-";"-";"-";"-";"1.9";"-";"1.9";"-";"-";"-";"-";"2.0";"-";"2.0";"-";"-";"-";"-";"2.0";"-";"2.0";"-";"-";"-";"-";"1.8";"-";"1.8";"-";"-";"-";"-";"1.6";"-";"1.6";"0.0";"-";"-";"-";"1.4";"-";"1.4";"-";"-";"-";"-";"1.3";"-";"1.3";"-";"-";"-";"-";"1.4";"-";"1.4";"-";"-";"-";"-"
"Statistische verschillen";"Statistische verschillen";"Statistische verschillen";"Statistische verschillen";"PJ";"-8.5";"-0.7";"13.6";"-24.6";"0.0";"3.2";"0.0";"-21.1";"-2.1";"16.0";"-36.9";"0.1";"1.8";"0.0";"-13.9";"-2.0";"15.5";"-28.5";"-0.1";"1.2";"0.0";"-4.4";"-1.8";"13.8";"-18.7";"0.0";"2.4";"0.0";"-13.5";"0.0";"8.3";"-23.8";"0.0";"2.0";"0.0";"2.3";"0.0";"9.6";"-10.7";"0.0";"3.3";"0.0";"13.1";"-0.1";"13.4";"-3.7";"0.0";"3.4";"0.0";"23.3";"0.0";"12.0";"8.2";"0.0";"3.1";"0.0";"20.9";"0.1";"12.3";"6.2";"0.0";"2.3";"0.0";"18.1";"0.4";"10.8";"1.9";"0.0";"5.1";"0.0";"-1.0";"-0.1";"13.4";"-13.6";"0.1";"-0.9";"0.0";"18.3";"-0.4";"13.5";"2.4";"0.1";"2.7";"0.0";"14.4";"0.4";"9.7";"1.8";"-0.2";"2.7";"-";"12.9";"-0.2";"9.4";"1.5";"0.0";"2.2";"0.0";"6.1";"0.6";"6.0";"0.8";"0.0";"-1.4";"0.0";"5.1";"0.5";"7.8";"-1.9";"-0.1";"-1.2";"0.0";"5.1";"0.4";"5.7";"-2.1";"-0.1";"1.2";"0.0";"30.9";"1.4";"7.6";"13.2";"-0.1";"8.7";"0.0";"13.1";"-0.1";"-9.2";"20.1";"-0.1";"2.3";"0.0";"5.8";"0.3";"-8.0";"8.6";"-";"4.8";"0.0"
"© Centraal Bureau voor de Statistiek, Den Haag/Heerlen 6-1-2016"
